,Unnamed: 0,Unnamed: 0.1,Unnamed: 0.1.1,Unnamed: 0.1.1.1,Unnamed: 0.1.1.1.1,Unnamed: 0.1.1.1.1.1,Unnamed: 0.1.1.1.1.1.1,Unnamed: 0.1.1.1.1.1.1.1,Unnamed: 0.1.1.1.1.1.1.1.1,Unnamed: 0.1.1.1.1.1.1.1.1.1,Unnamed: 0.1.1.1.1.1.1.1.1.1.1,Unnamed: 0.1.1.1.1.1.1.1.1.1.1.1,Unnamed: 0.1.1.1.1.1.1.1.1.1.1.1.1,Unnamed: 0.1.1.1.1.1.1.1.1.1.1.1.1.1,Unnamed: 0.1.1.1.1.1.1.1.1.1.1.1.1.1.1,Unnamed: 0.1.1.1.1.1.1.1.1.1.1.1.1.1.1.1,Unnamed: 0.1.1.1.1.1.1.1.1.1.1.1.1.1.1.1.1,Unnamed: 0.1.1.1.1.1.1.1.1.1.1.1.1.1.1.1.1.1,Unnamed: 0.1.1.1.1.1.1.1.1.1.1.1.1.1.1.1.1.1.1,Unnamed: 0.1.1.1.1.1.1.1.1.1.1.1.1.1.1.1.1.1.1.1,Unnamed: 0.1.1.1.1.1.1.1.1.1.1.1.1.1.1.1.1.1.1.1.1,Unnamed: 0.1.1.1.1.1.1.1.1.1.1.1.1.1.1.1.1.1.1.1.1.1,Unnamed: 0.1.1.1.1.1.1.1.1.1.1.1.1.1.1.1.1.1.1.1.1.1.1,Unnamed: 0.1.1.1.1.1.1.1.1.1.1.1.1.1.1.1.1.1.1.1.1.1.1.1,Unnamed: 0.1.1.1.1.1.1.1.1.1.1.1.1.1.1.1.1.1.1.1.1.1.1.1.1,Hot and Soupy Start to Week in Baltimore,Unnamed: 1,Unnamed: 2,headline,date
0,0.0,0.0,0.0,0.0,0.0,0.0,0.0,0.0,0.0,0.0,0.0,0.0,0.0,0.0,0.0,0.0,0.0,0.0,0.0,0.0,0.0,0.0,0.0,0.0,0.0,Tropical Troubles for the Olympics in Tokyo,,,,
1,1.0,1.0,1.0,1.0,1.0,1.0,1.0,1.0,1.0,1.0,1.0,1.0,1.0,1.0,1.0,1.0,1.0,1.0,1.0,1.0,1.0,1.0,1.0,1.0,1.0,Man shot to death at Royal Farms in Baltimore County,,,,
2,2.0,2.0,2.0,2.0,2.0,2.0,2.0,2.0,2.0,2.0,2.0,2.0,2.0,2.0,2.0,2.0,2.0,2.0,2.0,2.0,2.0,2.0,2.0,2.0,2.0,SquashWise to redevelop former Greyhound terminal to help students-athletes succeed,,,,
3,3.0,3.0,3.0,3.0,3.0,3.0,3.0,3.0,3.0,3.0,3.0,3.0,3.0,3.0,3.0,3.0,3.0,3.0,3.0,3.0,3.0,3.0,3.0,3.0,3.0,Police Identify Victims In Triple Fatal Crash In Pasadena,,,,
4,4.0,4.0,4.0,4.0,4.0,4.0,4.0,4.0,4.0,4.0,4.0,4.0,4.0,4.0,4.0,4.0,4.0,4.0,4.0,4.0,4.0,4.0,4.0,4.0,4.0,Baltimore City Fire Firefighter Released From Hospital,,,,
5,5.0,5.0,5.0,5.0,5.0,5.0,5.0,5.0,5.0,5.0,5.0,5.0,5.0,5.0,5.0,5.0,5.0,5.0,5.0,5.0,5.0,5.0,5.0,5.0,5.0,Gwynn Oak man found shot dead in Pikesville,,,,
6,6.0,6.0,6.0,6.0,6.0,6.0,6.0,6.0,6.0,6.0,6.0,6.0,6.0,6.0,6.0,6.0,6.0,6.0,6.0,6.0,6.0,6.0,6.0,6.0,6.0,"""Free Sweat"" Four Mile Walk/Run Encourages Fitness In Northeast Baltimore",,,,
7,7.0,7.0,7.0,7.0,7.0,7.0,7.0,7.0,7.0,7.0,7.0,7.0,7.0,7.0,7.0,7.0,7.0,7.0,7.0,7.0,7.0,7.0,7.0,7.0,7.0,,"Police report shows neighbors heard children's screams; what to do, call 911?",,,
8,8.0,8.0,8.0,8.0,8.0,8.0,8.0,8.0,8.0,8.0,8.0,8.0,8.0,8.0,8.0,8.0,8.0,8.0,8.0,8.0,8.0,8.0,8.0,8.0,8.0,,Summery Feel for Final August Weekend in Maryland,,,
9,9.0,9.0,9.0,9.0,9.0,9.0,9.0,9.0,9.0,9.0,9.0,9.0,9.0,9.0,9.0,9.0,9.0,9.0,9.0,9.0,9.0,9.0,9.0,9.0,9.0,,"""It was miserable"": Parents angry over lack of A/C in school, days before students return",,,
10,10.0,10.0,10.0,10.0,10.0,10.0,10.0,10.0,10.0,10.0,10.0,10.0,10.0,10.0,10.0,10.0,10.0,10.0,10.0,10.0,10.0,10.0,10.0,10.0,10.0,,Hurricane Ida Set to Hit Louisiana On Anniversary of Katrina With Impacts for Maryland Too,,,
11,11.0,11.0,11.0,11.0,11.0,11.0,11.0,11.0,11.0,11.0,11.0,11.0,11.0,11.0,11.0,11.0,11.0,11.0,11.0,11.0,11.0,11.0,11.0,11.0,11.0,,High court could determine DC sniper's fate,,,
12,12.0,12.0,12.0,12.0,12.0,12.0,12.0,12.0,12.0,12.0,12.0,12.0,12.0,12.0,12.0,12.0,12.0,12.0,12.0,12.0,12.0,12.0,12.0,12.0,12.0,,Hundreds of Frederick County school students in quarantine after first week of school,,,
13,13.0,13.0,13.0,13.0,13.0,13.0,13.0,13.0,13.0,13.0,13.0,13.0,13.0,13.0,13.0,13.0,13.0,13.0,13.0,13.0,13.0,13.0,13.0,13.0,13.0,,Weather Alert Friday For Severe Storms and Flash Flooding,,,
14,14.0,14.0,14.0,14.0,14.0,14.0,14.0,14.0,14.0,14.0,14.0,14.0,14.0,14.0,14.0,14.0,14.0,14.0,14.0,14.0,14.0,14.0,14.0,14.0,14.0,,Ida to strike Louisiana on Katrina anniversary; Maryland impacts possible,,,
15,15.0,15.0,15.0,15.0,15.0,15.0,15.0,15.0,15.0,15.0,15.0,15.0,15.0,15.0,15.0,15.0,15.0,15.0,15.0,15.0,15.0,15.0,15.0,15.0,15.0,,BMW Championship could serve as jumping off point for future events in Baltimore,,,
16,16.0,16.0,16.0,16.0,16.0,16.0,16.0,16.0,16.0,16.0,16.0,16.0,16.0,16.0,16.0,16.0,16.0,16.0,16.0,16.0,16.0,16.0,16.0,16.0,16.0,,MASKS IN SCHOOLS | Carroll County School Board 'disappointed' by proposed mask rule,,,
17,17.0,17.0,17.0,17.0,17.0,17.0,17.0,17.0,17.0,17.0,17.0,17.0,17.0,17.0,17.0,17.0,17.0,17.0,17.0,17.0,17.0,17.0,17.0,17.0,17.0,,,"COVID-19 in Maryland| 1,708 new cases in 24 hours",,
18,18.0,18.0,18.0,18.0,18.0,18.0,18.0,18.0,18.0,18.0,18.0,18.0,18.0,18.0,18.0,18.0,18.0,18.0,18.0,18.0,18.0,18.0,18.0,18.0,18.0,,,"Police report shows neighbors heard children's screams; what to do, call 911?",,
19,19.0,19.0,19.0,19.0,19.0,19.0,19.0,19.0,19.0,19.0,19.0,19.0,19.0,19.0,19.0,19.0,19.0,19.0,19.0,19.0,19.0,19.0,19.0,19.0,19.0,,,Summery Feel for Final August Weekend in Maryland,,
20,20.0,20.0,20.0,20.0,20.0,20.0,20.0,20.0,20.0,20.0,20.0,20.0,20.0,20.0,20.0,20.0,20.0,20.0,20.0,20.0,20.0,20.0,20.0,20.0,20.0,,,"""It was miserable"": Parents angry over lack of A/C in school, days before students return",,
21,21.0,21.0,21.0,21.0,21.0,21.0,21.0,21.0,21.0,21.0,21.0,21.0,21.0,21.0,21.0,21.0,21.0,21.0,21.0,21.0,21.0,21.0,21.0,21.0,21.0,,,Hurricane Ida Set to Hit Louisiana On Anniversary of Katrina With Impacts for Maryland Too,,
22,22.0,22.0,22.0,22.0,22.0,22.0,22.0,22.0,22.0,22.0,22.0,22.0,22.0,22.0,22.0,22.0,22.0,22.0,22.0,22.0,22.0,22.0,22.0,22.0,22.0,,,High court could determine DC sniper's fate,,
23,23.0,23.0,23.0,23.0,23.0,23.0,23.0,23.0,23.0,23.0,23.0,23.0,23.0,23.0,23.0,23.0,23.0,23.0,23.0,23.0,23.0,23.0,23.0,23.0,23.0,,,Hundreds of Frederick County school students in quarantine after first week of school,,
24,24.0,24.0,24.0,24.0,24.0,24.0,24.0,24.0,24.0,24.0,24.0,24.0,24.0,24.0,24.0,24.0,24.0,24.0,24.0,24.0,24.0,24.0,24.0,24.0,24.0,,,Weather Alert Friday For Severe Storms and Flash Flooding,,
25,25.0,25.0,25.0,25.0,25.0,25.0,25.0,25.0,25.0,25.0,25.0,25.0,25.0,25.0,25.0,25.0,25.0,25.0,25.0,25.0,25.0,25.0,25.0,25.0,25.0,,,Ida to strike Louisiana on Katrina anniversary; Maryland impacts possible,,
26,26.0,26.0,26.0,26.0,26.0,26.0,26.0,26.0,26.0,26.0,26.0,26.0,26.0,26.0,26.0,26.0,26.0,26.0,26.0,26.0,26.0,26.0,26.0,26.0,26.0,,,BMW Championship could serve as jumping off point for future events in Baltimore,,
27,27.0,27.0,27.0,27.0,27.0,27.0,27.0,27.0,27.0,27.0,27.0,27.0,27.0,27.0,27.0,27.0,27.0,27.0,27.0,27.0,27.0,27.0,27.0,27.0,0.0,,,,"Woman shot in Southeast Baltimore, police say",2021-08-28T16:28:51+00:00
28,28.0,28.0,28.0,28.0,28.0,28.0,28.0,28.0,28.0,28.0,28.0,28.0,28.0,28.0,28.0,28.0,28.0,28.0,28.0,28.0,28.0,28.0,28.0,28.0,1.0,,,,"COVID-19 in Maryland| 1,708 new cases in 24 hours",2021-08-28T16:28:51+00:00
29,29.0,29.0,29.0,29.0,29.0,29.0,29.0,29.0,29.0,29.0,29.0,29.0,29.0,29.0,29.0,29.0,29.0,29.0,29.0,29.0,29.0,29.0,29.0,29.0,2.0,,,,"Police report shows neighbors heard children's screams; what to do, call 911?",2021-08-28T16:28:51+00:00
30,30.0,30.0,30.0,30.0,30.0,30.0,30.0,30.0,30.0,30.0,30.0,30.0,30.0,30.0,30.0,30.0,30.0,30.0,30.0,30.0,30.0,30.0,30.0,30.0,3.0,,,,Summery Feel for Final August Weekend in Maryland,2021-08-28T16:28:51+00:00
31,31.0,31.0,31.0,31.0,31.0,31.0,31.0,31.0,31.0,31.0,31.0,31.0,31.0,31.0,31.0,31.0,31.0,31.0,31.0,31.0,31.0,31.0,31.0,31.0,4.0,,,,"""It was miserable"": Parents angry over lack of A/C in school, days before students return",2021-08-28T16:28:51+00:00
32,32.0,32.0,32.0,32.0,32.0,32.0,32.0,32.0,32.0,32.0,32.0,32.0,32.0,32.0,32.0,32.0,32.0,32.0,32.0,32.0,32.0,32.0,32.0,32.0,5.0,,,,Hurricane Ida Set to Hit Louisiana On Anniversary of Katrina With Impacts for Maryland Too,2021-08-28T16:28:51+00:00
33,33.0,33.0,33.0,33.0,33.0,33.0,33.0,33.0,33.0,33.0,33.0,33.0,33.0,33.0,33.0,33.0,33.0,33.0,33.0,33.0,33.0,33.0,33.0,33.0,6.0,,,,High court could determine DC sniper's fate,2021-08-28T16:28:51+00:00
34,34.0,34.0,34.0,34.0,34.0,34.0,34.0,34.0,34.0,34.0,34.0,34.0,34.0,34.0,34.0,34.0,34.0,34.0,34.0,34.0,34.0,34.0,34.0,34.0,7.0,,,,Hundreds of Frederick County school students in quarantine after first week of school,2021-08-28T16:28:51+00:00
35,35.0,35.0,35.0,35.0,35.0,35.0,35.0,35.0,35.0,35.0,35.0,35.0,35.0,35.0,35.0,35.0,35.0,35.0,35.0,35.0,35.0,35.0,35.0,35.0,8.0,,,,Weather Alert Friday For Severe Storms and Flash Flooding,2021-08-28T16:28:51+00:00
36,36.0,36.0,36.0,36.0,36.0,36.0,36.0,36.0,36.0,36.0,36.0,36.0,36.0,36.0,36.0,36.0,36.0,36.0,36.0,36.0,36.0,36.0,36.0,36.0,9.0,,,,Ida to strike Louisiana on Katrina anniversary; Maryland impacts possible,2021-08-28T16:28:51+00:00
37,37.0,37.0,37.0,37.0,37.0,37.0,37.0,37.0,37.0,37.0,37.0,37.0,37.0,37.0,37.0,37.0,37.0,37.0,37.0,37.0,37.0,37.0,37.0,0.0,,,,,"Woman shot in Southeast Baltimore, police say",2021-08-28T16:40:05+00:00
38,38.0,38.0,38.0,38.0,38.0,38.0,38.0,38.0,38.0,38.0,38.0,38.0,38.0,38.0,38.0,38.0,38.0,38.0,38.0,38.0,38.0,38.0,38.0,1.0,,,,,"COVID-19 in Maryland| 1,708 new cases in 24 hours",2021-08-28T16:40:05+00:00
39,39.0,39.0,39.0,39.0,39.0,39.0,39.0,39.0,39.0,39.0,39.0,39.0,39.0,39.0,39.0,39.0,39.0,39.0,39.0,39.0,39.0,39.0,39.0,2.0,,,,,"Police report shows neighbors heard children's screams; what to do, call 911?",2021-08-28T16:40:05+00:00
40,40.0,40.0,40.0,40.0,40.0,40.0,40.0,40.0,40.0,40.0,40.0,40.0,40.0,40.0,40.0,40.0,40.0,40.0,40.0,40.0,40.0,40.0,40.0,3.0,,,,,Summery Feel for Final August Weekend in Maryland,2021-08-28T16:40:05+00:00
41,41.0,41.0,41.0,41.0,41.0,41.0,41.0,41.0,41.0,41.0,41.0,41.0,41.0,41.0,41.0,41.0,41.0,41.0,41.0,41.0,41.0,41.0,41.0,4.0,,,,,"""It was miserable"": Parents angry over lack of A/C in school, days before students return",2021-08-28T16:40:05+00:00
42,42.0,42.0,42.0,42.0,42.0,42.0,42.0,42.0,42.0,42.0,42.0,42.0,42.0,42.0,42.0,42.0,42.0,42.0,42.0,42.0,42.0,42.0,42.0,5.0,,,,,Hurricane Ida Set to Hit Louisiana On Anniversary of Katrina With Impacts for Maryland Too,2021-08-28T16:40:05+00:00
43,43.0,43.0,43.0,43.0,43.0,43.0,43.0,43.0,43.0,43.0,43.0,43.0,43.0,43.0,43.0,43.0,43.0,43.0,43.0,43.0,43.0,43.0,43.0,6.0,,,,,High court could determine DC sniper's fate,2021-08-28T16:40:05+00:00
44,44.0,44.0,44.0,44.0,44.0,44.0,44.0,44.0,44.0,44.0,44.0,44.0,44.0,44.0,44.0,44.0,44.0,44.0,44.0,44.0,44.0,44.0,44.0,7.0,,,,,Hundreds of Frederick County school students in quarantine after first week of school,2021-08-28T16:40:05+00:00
45,45.0,45.0,45.0,45.0,45.0,45.0,45.0,45.0,45.0,45.0,45.0,45.0,45.0,45.0,45.0,45.0,45.0,45.0,45.0,45.0,45.0,45.0,45.0,8.0,,,,,Weather Alert Friday For Severe Storms and Flash Flooding,2021-08-28T16:40:05+00:00
46,46.0,46.0,46.0,46.0,46.0,46.0,46.0,46.0,46.0,46.0,46.0,46.0,46.0,46.0,46.0,46.0,46.0,46.0,46.0,46.0,46.0,46.0,46.0,9.0,,,,,Ida to strike Louisiana on Katrina anniversary; Maryland impacts possible,2021-08-28T16:40:05+00:00
47,47.0,47.0,47.0,47.0,47.0,47.0,47.0,47.0,47.0,47.0,47.0,47.0,47.0,47.0,47.0,47.0,47.0,47.0,47.0,47.0,47.0,47.0,0.0,,,,,,"Woman shot in Southeast Baltimore, police say",2021-08-28T16:40:05+00:00
48,48.0,48.0,48.0,48.0,48.0,48.0,48.0,48.0,48.0,48.0,48.0,48.0,48.0,48.0,48.0,48.0,48.0,48.0,48.0,48.0,48.0,48.0,1.0,,,,,,"COVID-19 in Maryland| 1,708 new cases in 24 hours",2021-08-28T16:40:05+00:00
49,49.0,49.0,49.0,49.0,49.0,49.0,49.0,49.0,49.0,49.0,49.0,49.0,49.0,49.0,49.0,49.0,49.0,49.0,49.0,49.0,49.0,49.0,2.0,,,,,,"Police report shows neighbors heard children's screams; what to do, call 911?",2021-08-28T16:40:05+00:00
50,50.0,50.0,50.0,50.0,50.0,50.0,50.0,50.0,50.0,50.0,50.0,50.0,50.0,50.0,50.0,50.0,50.0,50.0,50.0,50.0,50.0,50.0,3.0,,,,,,Summery Feel for Final August Weekend in Maryland,2021-08-28T16:40:05+00:00
51,51.0,51.0,51.0,51.0,51.0,51.0,51.0,51.0,51.0,51.0,51.0,51.0,51.0,51.0,51.0,51.0,51.0,51.0,51.0,51.0,51.0,51.0,4.0,,,,,,"""It was miserable"": Parents angry over lack of A/C in school, days before students return",2021-08-28T16:40:05+00:00
52,52.0,52.0,52.0,52.0,52.0,52.0,52.0,52.0,52.0,52.0,52.0,52.0,52.0,52.0,52.0,52.0,52.0,52.0,52.0,52.0,52.0,52.0,5.0,,,,,,Hurricane Ida Set to Hit Louisiana On Anniversary of Katrina With Impacts for Maryland Too,2021-08-28T16:40:05+00:00
53,53.0,53.0,53.0,53.0,53.0,53.0,53.0,53.0,53.0,53.0,53.0,53.0,53.0,53.0,53.0,53.0,53.0,53.0,53.0,53.0,53.0,53.0,6.0,,,,,,High court could determine DC sniper's fate,2021-08-28T16:40:05+00:00
54,54.0,54.0,54.0,54.0,54.0,54.0,54.0,54.0,54.0,54.0,54.0,54.0,54.0,54.0,54.0,54.0,54.0,54.0,54.0,54.0,54.0,54.0,7.0,,,,,,Hundreds of Frederick County school students in quarantine after first week of school,2021-08-28T16:40:05+00:00
55,55.0,55.0,55.0,55.0,55.0,55.0,55.0,55.0,55.0,55.0,55.0,55.0,55.0,55.0,55.0,55.0,55.0,55.0,55.0,55.0,55.0,55.0,8.0,,,,,,Weather Alert Friday For Severe Storms and Flash Flooding,2021-08-28T16:40:05+00:00
56,56.0,56.0,56.0,56.0,56.0,56.0,56.0,56.0,56.0,56.0,56.0,56.0,56.0,56.0,56.0,56.0,56.0,56.0,56.0,56.0,56.0,56.0,9.0,,,,,,Ida to strike Louisiana on Katrina anniversary; Maryland impacts possible,2021-08-28T16:40:05+00:00
57,57.0,57.0,57.0,57.0,57.0,57.0,57.0,57.0,57.0,57.0,57.0,57.0,57.0,57.0,57.0,57.0,57.0,57.0,57.0,57.0,57.0,0.0,,,,,,,"Woman shot in Southeast Baltimore, police say",2021-08-28T16:53:40+00:00
58,58.0,58.0,58.0,58.0,58.0,58.0,58.0,58.0,58.0,58.0,58.0,58.0,58.0,58.0,58.0,58.0,58.0,58.0,58.0,58.0,58.0,1.0,,,,,,,"COVID-19 in Maryland| 1,708 new cases in 24 hours",2021-08-28T16:53:40+00:00
59,59.0,59.0,59.0,59.0,59.0,59.0,59.0,59.0,59.0,59.0,59.0,59.0,59.0,59.0,59.0,59.0,59.0,59.0,59.0,59.0,59.0,2.0,,,,,,,"Police report shows neighbors heard children's screams; what to do, call 911?",2021-08-28T16:53:40+00:00
60,60.0,60.0,60.0,60.0,60.0,60.0,60.0,60.0,60.0,60.0,60.0,60.0,60.0,60.0,60.0,60.0,60.0,60.0,60.0,60.0,60.0,3.0,,,,,,,Summery Feel for Final August Weekend in Maryland,2021-08-28T16:53:40+00:00
61,61.0,61.0,61.0,61.0,61.0,61.0,61.0,61.0,61.0,61.0,61.0,61.0,61.0,61.0,61.0,61.0,61.0,61.0,61.0,61.0,61.0,4.0,,,,,,,"""It was miserable"": Parents angry over lack of A/C in school, days before students return",2021-08-28T16:53:40+00:00
62,62.0,62.0,62.0,62.0,62.0,62.0,62.0,62.0,62.0,62.0,62.0,62.0,62.0,62.0,62.0,62.0,62.0,62.0,62.0,62.0,62.0,5.0,,,,,,,Hurricane Ida Set to Hit Louisiana On Anniversary of Katrina With Impacts for Maryland Too,2021-08-28T16:53:40+00:00
63,63.0,63.0,63.0,63.0,63.0,63.0,63.0,63.0,63.0,63.0,63.0,63.0,63.0,63.0,63.0,63.0,63.0,63.0,63.0,63.0,63.0,6.0,,,,,,,High court could determine DC sniper's fate,2021-08-28T16:53:40+00:00
64,64.0,64.0,64.0,64.0,64.0,64.0,64.0,64.0,64.0,64.0,64.0,64.0,64.0,64.0,64.0,64.0,64.0,64.0,64.0,64.0,64.0,7.0,,,,,,,Hundreds of Frederick County school students in quarantine after first week of school,2021-08-28T16:53:40+00:00
65,65.0,65.0,65.0,65.0,65.0,65.0,65.0,65.0,65.0,65.0,65.0,65.0,65.0,65.0,65.0,65.0,65.0,65.0,65.0,65.0,65.0,8.0,,,,,,,Weather Alert Friday For Severe Storms and Flash Flooding,2021-08-28T16:53:40+00:00
66,66.0,66.0,66.0,66.0,66.0,66.0,66.0,66.0,66.0,66.0,66.0,66.0,66.0,66.0,66.0,66.0,66.0,66.0,66.0,66.0,66.0,9.0,,,,,,,Ida to strike Louisiana on Katrina anniversary; Maryland impacts possible,2021-08-28T16:53:40+00:00
67,67.0,67.0,67.0,67.0,67.0,67.0,67.0,67.0,67.0,67.0,67.0,67.0,67.0,67.0,67.0,67.0,67.0,67.0,67.0,67.0,0.0,,,,,,,,"Woman shot in Southeast Baltimore, police say",2021-08-28T17:01:10+00:00
68,68.0,68.0,68.0,68.0,68.0,68.0,68.0,68.0,68.0,68.0,68.0,68.0,68.0,68.0,68.0,68.0,68.0,68.0,68.0,68.0,1.0,,,,,,,,"COVID-19 in Maryland| 1,708 new cases in 24 hours",2021-08-28T17:01:10+00:00
69,69.0,69.0,69.0,69.0,69.0,69.0,69.0,69.0,69.0,69.0,69.0,69.0,69.0,69.0,69.0,69.0,69.0,69.0,69.0,69.0,2.0,,,,,,,,"Police report shows neighbors heard children's screams; what to do, call 911?",2021-08-28T17:01:10+00:00
70,70.0,70.0,70.0,70.0,70.0,70.0,70.0,70.0,70.0,70.0,70.0,70.0,70.0,70.0,70.0,70.0,70.0,70.0,70.0,70.0,3.0,,,,,,,,Summery Feel for Final August Weekend in Maryland,2021-08-28T17:01:10+00:00
71,71.0,71.0,71.0,71.0,71.0,71.0,71.0,71.0,71.0,71.0,71.0,71.0,71.0,71.0,71.0,71.0,71.0,71.0,71.0,71.0,4.0,,,,,,,,"""It was miserable"": Parents angry over lack of A/C in school, days before students return",2021-08-28T17:01:10+00:00
72,72.0,72.0,72.0,72.0,72.0,72.0,72.0,72.0,72.0,72.0,72.0,72.0,72.0,72.0,72.0,72.0,72.0,72.0,72.0,72.0,5.0,,,,,,,,Hurricane Ida Set to Hit Louisiana On Anniversary of Katrina With Impacts for Maryland Too,2021-08-28T17:01:10+00:00
73,73.0,73.0,73.0,73.0,73.0,73.0,73.0,73.0,73.0,73.0,73.0,73.0,73.0,73.0,73.0,73.0,73.0,73.0,73.0,73.0,6.0,,,,,,,,High court could determine DC sniper's fate,2021-08-28T17:01:10+00:00
74,74.0,74.0,74.0,74.0,74.0,74.0,74.0,74.0,74.0,74.0,74.0,74.0,74.0,74.0,74.0,74.0,74.0,74.0,74.0,74.0,7.0,,,,,,,,Hundreds of Frederick County school students in quarantine after first week of school,2021-08-28T17:01:10+00:00
75,75.0,75.0,75.0,75.0,75.0,75.0,75.0,75.0,75.0,75.0,75.0,75.0,75.0,75.0,75.0,75.0,75.0,75.0,75.0,75.0,8.0,,,,,,,,Weather Alert Friday For Severe Storms and Flash Flooding,2021-08-28T17:01:10+00:00
76,76.0,76.0,76.0,76.0,76.0,76.0,76.0,76.0,76.0,76.0,76.0,76.0,76.0,76.0,76.0,76.0,76.0,76.0,76.0,76.0,9.0,,,,,,,,Ida to strike Louisiana on Katrina anniversary; Maryland impacts possible,2021-08-28T17:01:10+00:00
77,77.0,77.0,77.0,77.0,77.0,77.0,77.0,77.0,77.0,77.0,77.0,77.0,77.0,77.0,77.0,77.0,77.0,77.0,77.0,0.0,,,,,,,,,Leaders call for better communication between agencies following death of two children,2021-08-29T05:07:00+00:00
78,78.0,78.0,78.0,78.0,78.0,78.0,78.0,78.0,78.0,78.0,78.0,78.0,78.0,78.0,78.0,78.0,78.0,78.0,78.0,1.0,,,,,,,,,"Protesters demand ""safe schools"" days before Baltimore City students return to class",2021-08-29T05:07:00+00:00
79,79.0,79.0,79.0,79.0,79.0,79.0,79.0,79.0,79.0,79.0,79.0,79.0,79.0,79.0,79.0,79.0,79.0,79.0,79.0,2.0,,,,,,,,,"Huntley Leads Ravens to Record 20th Straight Preseason Win, 37-3 over Wash.; Dobbins Hurt",2021-08-29T05:07:00+00:00
80,80.0,80.0,80.0,80.0,80.0,80.0,80.0,80.0,80.0,80.0,80.0,80.0,80.0,80.0,80.0,80.0,80.0,80.0,80.0,3.0,,,,,,,,,"""29 times less likely to be hospitalized"" There's an urgent push to vaccinate more people",2021-08-29T05:07:00+00:00
81,81.0,81.0,81.0,81.0,81.0,81.0,81.0,81.0,81.0,81.0,81.0,81.0,81.0,81.0,81.0,81.0,81.0,81.0,81.0,4.0,,,,,,,,,"WATCH: Harbaugh on RB Dobbins Knee Injury, ""He'll Get Tested Tomorrow""",2021-08-29T05:07:00+00:00
82,82.0,82.0,82.0,82.0,82.0,82.0,82.0,82.0,82.0,82.0,82.0,82.0,82.0,82.0,82.0,82.0,82.0,82.0,82.0,5.0,,,,,,,,,Man killed from assault after confronting ex-girlfriend's current boyfriend In Severn,2021-08-29T05:07:00+00:00
83,83.0,83.0,83.0,83.0,83.0,83.0,83.0,83.0,83.0,83.0,83.0,83.0,83.0,83.0,83.0,83.0,83.0,83.0,83.0,6.0,,,,,,,,,Ravens RB Dobbins Exits Early with Serious Knee Injury at Washington,2021-08-29T05:07:00+00:00
84,84.0,84.0,84.0,84.0,84.0,84.0,84.0,84.0,84.0,84.0,84.0,84.0,84.0,84.0,84.0,84.0,84.0,84.0,84.0,7.0,,,,,,,,,SEE IT: Thousands rally and march in D.C. on 58th anniversary of March on Washington,2021-08-29T05:07:00+00:00
85,85.0,85.0,85.0,85.0,85.0,85.0,85.0,85.0,85.0,85.0,85.0,85.0,85.0,85.0,85.0,85.0,85.0,85.0,85.0,8.0,,,,,,,,,Man shot in East Baltimore on Saturday afternoon,2021-08-29T05:07:00+00:00
86,86.0,86.0,86.0,86.0,86.0,86.0,86.0,86.0,86.0,86.0,86.0,86.0,86.0,86.0,86.0,86.0,86.0,86.0,86.0,9.0,,,,,,,,,GALLERY: The people at March On For Washington and Voting Rights,2021-08-29T05:07:00+00:00
87,87.0,87.0,87.0,87.0,87.0,87.0,87.0,87.0,87.0,87.0,87.0,87.0,87.0,87.0,87.0,87.0,87.0,87.0,0.0,,,,,,,,,,Dozens of Baltimore City school bus drivers call out on first day back to class,2021-08-30T17:14:54+00:00
88,88.0,88.0,88.0,88.0,88.0,88.0,88.0,88.0,88.0,88.0,88.0,88.0,88.0,88.0,88.0,88.0,88.0,88.0,1.0,,,,,,,,,,Weather Alert Day Wednesday As Remnants From Ida Move Into Maryland,2021-08-30T17:14:54+00:00
89,89.0,89.0,89.0,89.0,89.0,89.0,89.0,89.0,89.0,89.0,89.0,89.0,89.0,89.0,89.0,89.0,89.0,89.0,2.0,,,,,,,,,,Baltimore City Consultation Contracts - 'Think about what that money could go towards',2021-08-30T17:14:54+00:00
90,90.0,90.0,90.0,90.0,90.0,90.0,90.0,90.0,90.0,90.0,90.0,90.0,90.0,90.0,90.0,90.0,90.0,90.0,3.0,,,,,,,,,,Ida Downgraded To Tropical Storm; Will Impact Maryland Wednesday,2021-08-30T17:14:54+00:00
91,91.0,91.0,91.0,91.0,91.0,91.0,91.0,91.0,91.0,91.0,91.0,91.0,91.0,91.0,91.0,91.0,91.0,91.0,4.0,,,,,,,,,,Students Return Back To School in Baltimore City Today,2021-08-30T17:14:54+00:00
92,92.0,92.0,92.0,92.0,92.0,92.0,92.0,92.0,92.0,92.0,92.0,92.0,92.0,92.0,92.0,92.0,92.0,92.0,5.0,,,,,,,,,,"Governor Hogan, Mayor Scott Attend Perkins Homes Demolition",2021-08-30T17:14:54+00:00
93,93.0,93.0,93.0,93.0,93.0,93.0,93.0,93.0,93.0,93.0,93.0,93.0,93.0,93.0,93.0,93.0,93.0,93.0,6.0,,,,,,,,,,COVID-19 in Maryland| 942 new cases in 24 hours,2021-08-30T17:14:54+00:00
94,94.0,94.0,94.0,94.0,94.0,94.0,94.0,94.0,94.0,94.0,94.0,94.0,94.0,94.0,94.0,94.0,94.0,94.0,7.0,,,,,,,,,,Protesters rally demanding COVID policy changes on the eve of students returning to class,2021-08-30T17:14:54+00:00
95,95.0,95.0,95.0,95.0,95.0,95.0,95.0,95.0,95.0,95.0,95.0,95.0,95.0,95.0,95.0,95.0,95.0,95.0,8.0,,,,,,,,,,Garden dedication ceremony for Officer Caprio in Parkville,2021-08-30T17:14:54+00:00
96,96.0,96.0,96.0,96.0,96.0,96.0,96.0,96.0,96.0,96.0,96.0,96.0,96.0,96.0,96.0,96.0,96.0,96.0,9.0,,,,,,,,,,Maryland inmates to work on historic gravestone restoration,2021-08-30T17:14:54+00:00
97,97.0,97.0,97.0,97.0,97.0,97.0,97.0,97.0,97.0,97.0,97.0,97.0,97.0,97.0,97.0,97.0,97.0,0.0,,,,,,,,,,,First day back to school Baltimore parent has Covid-19 concerns,2021-08-31T04:20:04+00:00
98,98.0,98.0,98.0,98.0,98.0,98.0,98.0,98.0,98.0,98.0,98.0,98.0,98.0,98.0,98.0,98.0,98.0,1.0,,,,,,,,,,,"New school year, same commitment from Project Baltimore",2021-08-31T04:20:04+00:00
99,99.0,99.0,99.0,99.0,99.0,99.0,99.0,99.0,99.0,99.0,99.0,99.0,99.0,99.0,99.0,99.0,99.0,2.0,,,,,,,,,,,Safety concerns after shooting on West Baltimore block with broken street lights,2021-08-31T04:20:04+00:00
100,100.0,100.0,100.0,100.0,100.0,100.0,100.0,100.0,100.0,100.0,100.0,100.0,100.0,100.0,100.0,100.0,100.0,3.0,,,,,,,,,,,"Questions raised about Baltimore's ""Shotspotter"" gunshot detection program",2021-08-31T04:20:04+00:00
101,101.0,101.0,101.0,101.0,101.0,101.0,101.0,101.0,101.0,101.0,101.0,101.0,101.0,101.0,101.0,101.0,101.0,4.0,,,,,,,,,,,Academic performance and accountability questions loom over City Schools as year begins,2021-08-31T04:20:04+00:00
102,102.0,102.0,102.0,102.0,102.0,102.0,102.0,102.0,102.0,102.0,102.0,102.0,102.0,102.0,102.0,102.0,102.0,5.0,,,,,,,,,,,"CAPTURED | Lorenzo Woodfolk, one of Maryland's Most Wanted, turns self in",2021-08-31T04:20:04+00:00
103,103.0,103.0,103.0,103.0,103.0,103.0,103.0,103.0,103.0,103.0,103.0,103.0,103.0,103.0,103.0,103.0,103.0,6.0,,,,,,,,,,,Addicted Maryland | The link between domestic violence and substance abuse,2021-08-31T04:20:04+00:00
104,104.0,104.0,104.0,104.0,104.0,104.0,104.0,104.0,104.0,104.0,104.0,104.0,104.0,104.0,104.0,104.0,104.0,7.0,,,,,,,,,,,"City students start school without air conditioning, Gov. Hogan blames 'incompetence'",2021-08-31T04:20:04+00:00
105,105.0,105.0,105.0,105.0,105.0,105.0,105.0,105.0,105.0,105.0,105.0,105.0,105.0,105.0,105.0,105.0,105.0,8.0,,,,,,,,,,,Taliban celebrate 'victory' as US troops leave Afghanistan,2021-08-31T04:20:04+00:00
106,106.0,106.0,106.0,106.0,106.0,106.0,106.0,106.0,106.0,106.0,106.0,106.0,106.0,106.0,106.0,106.0,106.0,9.0,,,,,,,,,,,"Ten people shot, four fatally in violent weekend across Baltimore",2021-08-31T04:20:04+00:00
107,107.0,107.0,107.0,107.0,107.0,107.0,107.0,107.0,107.0,107.0,107.0,107.0,107.0,107.0,107.0,107.0,0.0,,,,,,,,,,,,Mayor Scott Announces Weekly COVID Testing For Unvaccinated City Employees,2021-08-31T17:05:05+00:00
108,108.0,108.0,108.0,108.0,108.0,108.0,108.0,108.0,108.0,108.0,108.0,108.0,108.0,108.0,108.0,108.0,1.0,,,,,,,,,,,,"Marilyn Mosby sending 'dangerous message' not being fully transparent, says critic",2021-08-31T17:05:05+00:00
109,109.0,109.0,109.0,109.0,109.0,109.0,109.0,109.0,109.0,109.0,109.0,109.0,109.0,109.0,109.0,109.0,2.0,,,,,,,,,,,,MASKS OPTIONAL | Carroll County School Board votes to wait for General Assembly move,2021-08-31T17:05:05+00:00
110,110.0,110.0,110.0,110.0,110.0,110.0,110.0,110.0,110.0,110.0,110.0,110.0,110.0,110.0,110.0,110.0,3.0,,,,,,,,,,,,Overcrowded buses? Here's what was seen inside one Baltimore County school bus,2021-08-31T17:05:05+00:00
111,111.0,111.0,111.0,111.0,111.0,111.0,111.0,111.0,111.0,111.0,111.0,111.0,111.0,111.0,111.0,111.0,4.0,,,,,,,,,,,,Heavy rain & strong storms possible from Ida Wednesday in Maryland,2021-08-31T17:05:05+00:00
112,112.0,112.0,112.0,112.0,112.0,112.0,112.0,112.0,112.0,112.0,112.0,112.0,112.0,112.0,112.0,112.0,5.0,,,,,,,,,,,,"For Biden, ending 20-year war in Afghanistan leaves tough questions",2021-08-31T17:05:05+00:00
113,113.0,113.0,113.0,113.0,113.0,113.0,113.0,113.0,113.0,113.0,113.0,113.0,113.0,113.0,113.0,113.0,6.0,,,,,,,,,,,,3 SHOT OVERNIGHT | 1 Woman Killed in East Baltimore Double Shooting,2021-08-31T17:05:05+00:00
114,114.0,114.0,114.0,114.0,114.0,114.0,114.0,114.0,114.0,114.0,114.0,114.0,114.0,114.0,114.0,114.0,7.0,,,,,,,,,,,,Victorious Taliban focus on governing after US withdrawal,2021-08-31T17:05:05+00:00
115,115.0,115.0,115.0,115.0,115.0,115.0,115.0,115.0,115.0,115.0,115.0,115.0,115.0,115.0,115.0,115.0,8.0,,,,,,,,,,,,"COVID-19 in Maryland| 1,078 new cases; 10 deaths in 24 hours",2021-08-31T17:05:05+00:00
116,116.0,116.0,116.0,116.0,116.0,116.0,116.0,116.0,116.0,116.0,116.0,116.0,116.0,116.0,116.0,116.0,9.0,,,,,,,,,,,,"CAPTURED | Lorenzo Woodfolk, one of Maryland's Most Wanted, turns self in",2021-08-31T17:05:05+00:00
117,117.0,117.0,117.0,117.0,117.0,117.0,117.0,117.0,117.0,117.0,117.0,117.0,117.0,117.0,117.0,0.0,,,,,,,,,,,,,Baltimore County School tries to shut down Project Baltimore at news conference,2021-09-02T05:06:52+00:00
118,118.0,118.0,118.0,118.0,118.0,118.0,118.0,118.0,118.0,118.0,118.0,118.0,118.0,118.0,118.0,1.0,,,,,,,,,,,,,Day-long deluge pounds Baltimore City as woman deals with water leaking through the roof,2021-09-02T05:06:52+00:00
119,119.0,119.0,119.0,119.0,119.0,119.0,119.0,119.0,119.0,119.0,119.0,119.0,119.0,119.0,119.0,2.0,,,,,,,,,,,,,Ida tears path of destruction through Maryland; major damage in Annapolis,2021-09-02T05:06:52+00:00
120,120.0,120.0,120.0,120.0,120.0,120.0,120.0,120.0,120.0,120.0,120.0,120.0,120.0,120.0,120.0,3.0,,,,,,,,,,,,,"Magnesium fire in Dundalk causes ""light show"" in Baltimore County",2021-09-02T05:06:52+00:00
121,121.0,121.0,121.0,121.0,121.0,121.0,121.0,121.0,121.0,121.0,121.0,121.0,121.0,121.0,121.0,4.0,,,,,,,,,,,,,Road closures and rescues as streets turn to rivers in Frederick County,2021-09-02T05:06:52+00:00
122,122.0,122.0,122.0,122.0,122.0,122.0,122.0,122.0,122.0,122.0,122.0,122.0,122.0,122.0,122.0,5.0,,,,,,,,,,,,,PHOTOS | Ida wrecks at least 100 homes in Edgewater,2021-09-02T05:06:52+00:00
123,123.0,123.0,123.0,123.0,123.0,123.0,123.0,123.0,123.0,123.0,123.0,123.0,123.0,123.0,123.0,6.0,,,,,,,,,,,,,Flood Warnings still in effect around the DMV after Ida wreaked havoc,2021-09-02T05:06:52+00:00
124,124.0,124.0,124.0,124.0,124.0,124.0,124.0,124.0,124.0,124.0,124.0,124.0,124.0,124.0,124.0,7.0,,,,,,,,,,,,,"Flooding from Ida overtakes roads, parks",2021-09-02T05:06:52+00:00
125,125.0,125.0,125.0,125.0,125.0,125.0,125.0,125.0,125.0,125.0,125.0,125.0,125.0,125.0,125.0,8.0,,,,,,,,,,,,,South River High School damaged by Ida,2021-09-02T05:06:52+00:00
126,126.0,126.0,126.0,126.0,126.0,126.0,126.0,126.0,126.0,126.0,126.0,126.0,126.0,126.0,126.0,9.0,,,,,,,,,,,,,"Drivers, students rescued after 3 Frederick Co. school buses stranded in floodwaters",2021-09-02T05:06:52+00:00
127,127.0,127.0,127.0,127.0,127.0,127.0,127.0,127.0,127.0,127.0,127.0,127.0,127.0,127.0,0.0,,,,,,,,,,,,,,Baltimore County School tries to shut down Project Baltimore at news conference,2021-09-02T17:16:20+00:00
128,128.0,128.0,128.0,128.0,128.0,128.0,128.0,128.0,128.0,128.0,128.0,128.0,128.0,128.0,1.0,,,,,,,,,,,,,,Sunny Skies for Tornado Cleanup in Maryland,2021-09-02T17:16:20+00:00
129,129.0,129.0,129.0,129.0,129.0,129.0,129.0,129.0,129.0,129.0,129.0,129.0,129.0,129.0,2.0,,,,,,,,,,,,,,Larry Turning into a Monster Hurricane,2021-09-02T17:16:20+00:00
130,130.0,130.0,130.0,130.0,130.0,130.0,130.0,130.0,130.0,130.0,130.0,130.0,130.0,130.0,3.0,,,,,,,,,,,,,,At least 14 deaths as Hurricane Ida's remnants hit Northeast,2021-09-02T17:16:20+00:00
131,131.0,131.0,131.0,131.0,131.0,131.0,131.0,131.0,131.0,131.0,131.0,131.0,131.0,131.0,4.0,,,,,,,,,,,,,,Day-long deluge pounds Baltimore City as woman deals with water leaking through the roof,2021-09-02T17:16:20+00:00
132,132.0,132.0,132.0,132.0,132.0,132.0,132.0,132.0,132.0,132.0,132.0,132.0,132.0,132.0,5.0,,,,,,,,,,,,,,Governor Hogan to assess storm damage throughout Maryland,2021-09-02T17:16:20+00:00
133,133.0,133.0,133.0,133.0,133.0,133.0,133.0,133.0,133.0,133.0,133.0,133.0,133.0,133.0,6.0,,,,,,,,,,,,,,"COVID-19 in Maryland| 1,272 new cases reported in 24 hours",2021-09-02T17:16:20+00:00
134,134.0,134.0,134.0,134.0,134.0,134.0,134.0,134.0,134.0,134.0,134.0,134.0,134.0,134.0,7.0,,,,,,,,,,,,,,Ida tears path of destruction through Maryland; major damage in Annapolis,2021-09-02T17:16:20+00:00
135,135.0,135.0,135.0,135.0,135.0,135.0,135.0,135.0,135.0,135.0,135.0,135.0,135.0,135.0,8.0,,,,,,,,,,,,,,"Magnesium fire in Dundalk causes ""light show"" in Baltimore County",2021-09-02T17:16:20+00:00
136,136.0,136.0,136.0,136.0,136.0,136.0,136.0,136.0,136.0,136.0,136.0,136.0,136.0,136.0,9.0,,,,,,,,,,,,,,Road closures and rescues as streets turn to rivers in Frederick County,2021-09-02T17:16:20+00:00
137,137.0,137.0,137.0,137.0,137.0,137.0,137.0,137.0,137.0,137.0,137.0,137.0,137.0,0.0,,,,,,,,,,,,,,,Little reaction from city leaders to explosive report on Augusta Fells,2021-09-03T05:05:19+00:00
138,138.0,138.0,138.0,138.0,138.0,138.0,138.0,138.0,138.0,138.0,138.0,138.0,138.0,1.0,,,,,,,,,,,,,,,"""People are in real fear"" | Mid-size cities, including Baltimore, see murders rise in 2021",2021-09-03T05:05:19+00:00
139,139.0,139.0,139.0,139.0,139.0,139.0,139.0,139.0,139.0,139.0,139.0,139.0,139.0,2.0,,,,,,,,,,,,,,,Explosive report: City Schools finds grade changing and overreporting of students,2021-09-03T05:05:19+00:00
140,140.0,140.0,140.0,140.0,140.0,140.0,140.0,140.0,140.0,140.0,140.0,140.0,140.0,3.0,,,,,,,,,,,,,,,"Community raising funds for children found dead in their Baltimore home, mother charged",2021-09-03T05:05:19+00:00
141,141.0,141.0,141.0,141.0,141.0,141.0,141.0,141.0,141.0,141.0,141.0,141.0,141.0,4.0,,,,,,,,,,,,,,,"3 tornadoes struck in Anne Arundel, Edgemere and Eastern Shore, weather service confirms",2021-09-03T05:05:19+00:00
142,142.0,142.0,142.0,142.0,142.0,142.0,142.0,142.0,142.0,142.0,142.0,142.0,142.0,5.0,,,,,,,,,,,,,,,Shannon Wright and Thiru Vignarajah react to BCPS report on Augusta Fells,2021-09-03T05:05:19+00:00
143,143.0,143.0,143.0,143.0,143.0,143.0,143.0,143.0,143.0,143.0,143.0,143.0,143.0,6.0,,,,,,,,,,,,,,,"Baltimore service intended to protect children falling short, report shows",2021-09-03T05:05:19+00:00
144,144.0,144.0,144.0,144.0,144.0,144.0,144.0,144.0,144.0,144.0,144.0,144.0,144.0,7.0,,,,,,,,,,,,,,,IG report details hundreds of thousands of dollars owed Baltimore County by rec councils,2021-09-03T05:05:19+00:00
145,145.0,145.0,145.0,145.0,145.0,145.0,145.0,145.0,145.0,145.0,145.0,145.0,145.0,8.0,,,,,,,,,,,,,,,"State says Baltimore's wastewater treatment plants dumping sewage into local rivers, bay",2021-09-03T05:05:19+00:00
146,146.0,146.0,146.0,146.0,146.0,146.0,146.0,146.0,146.0,146.0,146.0,146.0,146.0,9.0,,,,,,,,,,,,,,,"After tornado rips through Annapolis, cleanup process begins: 'It's just total chaos'",2021-09-03T05:05:19+00:00
147,147.0,147.0,147.0,147.0,147.0,147.0,147.0,147.0,147.0,147.0,147.0,147.0,0.0,,,,,,,,,,,,,,,,"Changing Grades, Inflating Enrollment- Could City School Report Lead to Criminal Charges?",2021-09-07T03:32:04+00:00
148,148.0,148.0,148.0,148.0,148.0,148.0,148.0,148.0,148.0,148.0,148.0,148.0,1.0,,,,,,,,,,,,,,,,"Towson University adds increased security measures, patrols after shooting on campus",2021-09-07T03:32:04+00:00
149,149.0,149.0,149.0,149.0,149.0,149.0,149.0,149.0,149.0,149.0,149.0,149.0,2.0,,,,,,,,,,,,,,,,Baltimore City Schools may have to pay back taxpayers after Augusta Fells report,2021-09-07T03:32:04+00:00
150,150.0,150.0,150.0,150.0,150.0,150.0,150.0,150.0,150.0,150.0,150.0,150.0,3.0,,,,,,,,,,,,,,,,"One man killed, teen injured in Baltimore shootings",2021-09-07T03:32:04+00:00
151,151.0,151.0,151.0,151.0,151.0,151.0,151.0,151.0,151.0,151.0,151.0,151.0,4.0,,,,,,,,,,,,,,,,'The Wire' actor Michael K. Williams dies at 54,2021-09-07T03:32:04+00:00
152,152.0,152.0,152.0,152.0,152.0,152.0,152.0,152.0,152.0,152.0,152.0,152.0,5.0,,,,,,,,,,,,,,,,West Baltimore neighborhood is home to Augusta Fells and frustration with City leadership,2021-09-07T03:32:04+00:00
153,153.0,153.0,153.0,153.0,153.0,153.0,153.0,153.0,153.0,153.0,153.0,153.0,6.0,,,,,,,,,,,,,,,,"Kittleman announces run for Howard County Executive, challenging incumbent Calvin Ball",2021-09-07T03:32:04+00:00
154,154.0,154.0,154.0,154.0,154.0,154.0,154.0,154.0,154.0,154.0,154.0,154.0,7.0,,,,,,,,,,,,,,,,Gov. Hogan: States getting 'mixed messaging' from Biden Administration on COVID boosters,2021-09-07T03:32:04+00:00
155,155.0,155.0,155.0,155.0,155.0,155.0,155.0,155.0,155.0,155.0,155.0,155.0,8.0,,,,,,,,,,,,,,,,"With federal programs expired, Maryland expected to tackle backlog of unemployment claims",2021-09-07T03:32:04+00:00
156,156.0,156.0,156.0,156.0,156.0,156.0,156.0,156.0,156.0,156.0,156.0,156.0,9.0,,,,,,,,,,,,,,,,Baltimore woman shot by her ex-boyfriend during argument,2021-09-07T03:32:04+00:00
157,157.0,157.0,157.0,157.0,157.0,157.0,157.0,157.0,157.0,157.0,157.0,0.0,,,,,,,,,,,,,,,,,Youth charged as adult in Labor Day Weekend homicide in Essex,2021-09-07T17:15:00+00:00
158,158.0,158.0,158.0,158.0,158.0,158.0,158.0,158.0,158.0,158.0,158.0,1.0,,,,,,,,,,,,,,,,,Tour bus driver shot while traveling on MD-295 in Anne Arundel County,2021-09-07T17:15:00+00:00
159,159.0,159.0,159.0,159.0,159.0,159.0,159.0,159.0,159.0,159.0,159.0,2.0,,,,,,,,,,,,,,,,,Baltimore City Police identify 8 homicide victims,2021-09-07T17:15:00+00:00
160,160.0,160.0,160.0,160.0,160.0,160.0,160.0,160.0,160.0,160.0,160.0,3.0,,,,,,,,,,,,,,,,,"Changing Grades, Inflating Enrollment- Could City School Report Lead to Criminal Charges?",2021-09-07T17:15:00+00:00
161,161.0,161.0,161.0,161.0,161.0,161.0,161.0,161.0,161.0,161.0,161.0,4.0,,,,,,,,,,,,,,,,,"Towson University adds increased security measures, patrols after shooting on campus",2021-09-07T17:15:00+00:00
162,162.0,162.0,162.0,162.0,162.0,162.0,162.0,162.0,162.0,162.0,162.0,5.0,,,,,,,,,,,,,,,,,Mayor Scott urges residents to apply for Maryland's Property Tax Credit,2021-09-07T17:15:00+00:00
163,163.0,163.0,163.0,163.0,163.0,163.0,163.0,163.0,163.0,163.0,163.0,6.0,,,,,,,,,,,,,,,,,2 taken to hospital after explosion at Ruppert Landscape headquarters in Montgomery Co.,2021-09-07T17:15:00+00:00
164,164.0,164.0,164.0,164.0,164.0,164.0,164.0,164.0,164.0,164.0,164.0,7.0,,,,,,,,,,,,,,,,,Maryland Gets An Extra Weekend To Experience The State Fair!,2021-09-07T17:15:00+00:00
165,165.0,165.0,165.0,165.0,165.0,165.0,165.0,165.0,165.0,165.0,165.0,8.0,,,,,,,,,,,,,,,,,Baltimore man flags down MTA officers after being shot during an argument,2021-09-07T17:15:00+00:00
166,166.0,166.0,166.0,166.0,166.0,166.0,166.0,166.0,166.0,166.0,166.0,9.0,,,,,,,,,,,,,,,,,COVID-19 in Maryland| 795 new cases; 7 deaths in 24 hours,2021-09-07T17:15:00+00:00
167,167.0,167.0,167.0,167.0,167.0,167.0,167.0,167.0,167.0,167.0,0.0,,,,,,,,,,,,,,,,,,Complaints increase from lack of help for Trauma response team,2021-09-08T04:35:26+00:00
168,168.0,168.0,168.0,168.0,168.0,168.0,168.0,168.0,168.0,168.0,1.0,,,,,,,,,,,,,,,,,,South Baltimore man bitten by rat while trying to clear illegal dumping,2021-09-08T04:35:26+00:00
169,169.0,169.0,169.0,169.0,169.0,169.0,169.0,169.0,169.0,169.0,2.0,,,,,,,,,,,,,,,,,,"Maryland's Most Wanted | Thomas Bruce, accused of arson",2021-09-08T04:35:26+00:00
170,170.0,170.0,170.0,170.0,170.0,170.0,170.0,170.0,170.0,170.0,3.0,,,,,,,,,,,,,,,,,,Mayor Scott dodges direct answer to Augusta Fells question after days of silence,2021-09-08T04:35:26+00:00
171,171.0,171.0,171.0,171.0,171.0,171.0,171.0,171.0,171.0,171.0,4.0,,,,,,,,,,,,,,,,,,Police arrest 19-year-old man in Towson University shooting,2021-09-08T04:35:26+00:00
172,172.0,172.0,172.0,172.0,172.0,172.0,172.0,172.0,172.0,172.0,5.0,,,,,,,,,,,,,,,,,,Two men arrested on drug and weapon charges,2021-09-08T04:35:26+00:00
173,173.0,173.0,173.0,173.0,173.0,173.0,173.0,173.0,173.0,173.0,6.0,,,,,,,,,,,,,,,,,,"Towson University shooting suspect arrested, shot self during incident",2021-09-08T04:35:26+00:00
174,174.0,174.0,174.0,174.0,174.0,174.0,174.0,174.0,174.0,174.0,7.0,,,,,,,,,,,,,,,,,,'We still need about 200': Bus driver shortage in Prince George's ahead of back-to-school,2021-09-08T04:35:26+00:00
175,175.0,175.0,175.0,175.0,175.0,175.0,175.0,175.0,175.0,175.0,8.0,,,,,,,,,,,,,,,,,,WEATHER ALERT DAY | Marginal risk for severe storms on Wednesday,2021-09-08T04:35:26+00:00
176,176.0,176.0,176.0,176.0,176.0,176.0,176.0,176.0,176.0,176.0,9.0,,,,,,,,,,,,,,,,,,"Hogan, Frosh pointing fingers over legal fees from unemployment lawsuits",2021-09-08T04:35:26+00:00
177,177.0,177.0,177.0,177.0,177.0,177.0,177.0,177.0,177.0,0.0,,,,,,,,,,,,,,,,,,,4 Supersized Cranes Arrive at Port of Baltimore Today,2021-09-09T17:14:19+00:00
178,178.0,178.0,178.0,178.0,178.0,178.0,178.0,178.0,178.0,1.0,,,,,,,,,,,,,,,,,,,Brighter Days Ahead This Weekend in Baltimore,2021-09-09T17:14:19+00:00
179,179.0,179.0,179.0,179.0,179.0,179.0,179.0,179.0,179.0,2.0,,,,,,,,,,,,,,,,,,,"Mindy Sends Rain to Southeast, Larry Approaches Bermuda",2021-09-09T17:14:19+00:00
180,180.0,180.0,180.0,180.0,180.0,180.0,180.0,180.0,180.0,3.0,,,,,,,,,,,,,,,,,,,Parents for & against masks speak out at Carroll County school board meeting,2021-09-09T17:14:19+00:00
181,181.0,181.0,181.0,181.0,181.0,181.0,181.0,181.0,181.0,4.0,,,,,,,,,,,,,,,,,,,COVID-19 in Maryland| 907 new cases in 24 hours,2021-09-09T17:14:19+00:00
182,182.0,182.0,182.0,182.0,182.0,182.0,182.0,182.0,182.0,5.0,,,,,,,,,,,,,,,,,,,Baltimore City State's Attorney Marilyn Mosby under scrutiny over documentary,2021-09-09T17:14:19+00:00
183,183.0,183.0,183.0,183.0,183.0,183.0,183.0,183.0,183.0,6.0,,,,,,,,,,,,,,,,,,,Shooting fallout continues: heated words between Towson University police union and chief,2021-09-09T17:14:19+00:00
184,184.0,184.0,184.0,184.0,184.0,184.0,184.0,184.0,184.0,7.0,,,,,,,,,,,,,,,,,,,Sign Removal in Pigtown prompts debate,2021-09-09T17:14:19+00:00
185,185.0,185.0,185.0,185.0,185.0,185.0,185.0,185.0,185.0,8.0,,,,,,,,,,,,,,,,,,,New Augusta Fells principal mismanaged student funds at prior school,2021-09-09T17:14:19+00:00
186,186.0,186.0,186.0,186.0,186.0,186.0,186.0,186.0,186.0,9.0,,,,,,,,,,,,,,,,,,,Baltimore woman gets help with property tax credit application after weeks without answers,2021-09-09T17:14:19+00:00
187,187.0,187.0,187.0,187.0,187.0,187.0,187.0,187.0,0.0,,,,,,,,,,,,,,,,,,,,Caroline County judge who was about to be arrested found dead inside home,2021-09-10T17:11:00+00:00
188,188.0,188.0,188.0,188.0,188.0,188.0,188.0,188.0,1.0,,,,,,,,,,,,,,,,,,,,Baltimore City school failures take center stage at FOX45 Town Hall,2021-09-10T17:11:00+00:00
189,189.0,189.0,189.0,189.0,189.0,189.0,189.0,189.0,2.0,,,,,,,,,,,,,,,,,,,,From Fall to Summery This Weekend in Baltimore,2021-09-10T17:11:00+00:00
190,190.0,190.0,190.0,190.0,190.0,190.0,190.0,190.0,3.0,,,,,,,,,,,,,,,,,,,,Peak of Atlantic Hurricane Season and What's Still to Come,2021-09-10T17:11:00+00:00
191,191.0,191.0,191.0,191.0,191.0,191.0,191.0,191.0,4.0,,,,,,,,,,,,,,,,,,,,"COVID-19 in Maryland| 1,553 new cases; 15 deaths in 24 hours",2021-09-10T17:11:00+00:00
192,192.0,192.0,192.0,192.0,192.0,192.0,192.0,192.0,5.0,,,,,,,,,,,,,,,,,,,,Gov. Hogan on Augusta Fells: 'Looks as if criminal wrongdoing took place',2021-09-10T17:11:00+00:00
193,193.0,193.0,193.0,193.0,193.0,193.0,193.0,193.0,6.0,,,,,,,,,,,,,,,,,,,,West Baltimore neighborhood is home to Augusta Fells and frustration with City leadership,2021-09-10T17:11:00+00:00
194,194.0,194.0,194.0,194.0,194.0,194.0,194.0,194.0,7.0,,,,,,,,,,,,,,,,,,,,Maryland farms send food to Louisiana after Hurricane Ida,2021-09-10T17:11:00+00:00
195,195.0,195.0,195.0,195.0,195.0,195.0,195.0,195.0,8.0,,,,,,,,,,,,,,,,,,,,'STOP! STOP! STOP!' | Classroom fight in Baltimore County has one parent scared,2021-09-10T17:11:00+00:00
196,196.0,196.0,196.0,196.0,196.0,196.0,196.0,196.0,9.0,,,,,,,,,,,,,,,,,,,,"Months-long study of Baltimore County Public Schools points to low morale, inefficiencies",2021-09-10T17:11:00+00:00
197,197.0,197.0,197.0,197.0,197.0,197.0,197.0,0.0,,,,,,,,,,,,,,,,,,,,,On eve of 9/11 Towson event honors first responders then and now,2021-09-11T05:06:47+00:00
198,198.0,198.0,198.0,198.0,198.0,198.0,198.0,1.0,,,,,,,,,,,,,,,,,,,,,Baltimore city solicitor cancels downtown rally; organizer says that violates free speech,2021-09-11T05:06:47+00:00
199,199.0,199.0,199.0,199.0,199.0,199.0,199.0,2.0,,,,,,,,,,,,,,,,,,,,,City leaders absent from FOX45 News town hall; Mayor Scott faces questions about schools,2021-09-11T05:06:47+00:00
200,200.0,200.0,200.0,200.0,200.0,200.0,200.0,3.0,,,,,,,,,,,,,,,,,,,,,Suspect arrested for stabbing on I-895 in Baltimore,2021-09-11T05:06:47+00:00
201,201.0,201.0,201.0,201.0,201.0,201.0,201.0,4.0,,,,,,,,,,,,,,,,,,,,,Caroline County judge who was about to be arrested found dead inside home,2021-09-11T05:06:47+00:00
202,202.0,202.0,202.0,202.0,202.0,202.0,202.0,5.0,,,,,,,,,,,,,,,,,,,,,GOP governors threaten to sue Biden over vaccine mandate,2021-09-11T05:06:47+00:00
203,203.0,203.0,203.0,203.0,203.0,203.0,203.0,6.0,,,,,,,,,,,,,,,,,,,,,"BREAKING: Police, SWAT at barricade incident in Southwest Baltimore",2021-09-11T05:06:47+00:00
204,204.0,204.0,204.0,204.0,204.0,204.0,204.0,7.0,,,,,,,,,,,,,,,,,,,,,Timeline: Biden backtracks on vaccine mandates,2021-09-11T05:06:47+00:00
205,205.0,205.0,205.0,205.0,205.0,205.0,205.0,8.0,,,,,,,,,,,,,,,,,,,,,"Some health care workers may quit rather than get vaccinated, experts say",2021-09-11T05:06:47+00:00
206,206.0,206.0,206.0,206.0,206.0,206.0,206.0,9.0,,,,,,,,,,,,,,,,,,,,,Expert: Formal recognition of Taliban government would be 'tragic mistake',2021-09-11T05:06:47+00:00
207,207.0,207.0,207.0,207.0,207.0,207.0,0.0,,,,,,,,,,,,,,,,,,,,,,"WATCH live: America mourns, remembers lives lost on 20th anniversary of 9/11",2021-09-11T17:12:39+00:00
208,208.0,208.0,208.0,208.0,208.0,208.0,1.0,,,,,,,,,,,,,,,,,,,,,,FROM THE ARCHIVES | Evacuations in Baltimore on 9-11-2001,2021-09-11T17:12:39+00:00
209,209.0,209.0,209.0,209.0,209.0,209.0,2.0,,,,,,,,,,,,,,,,,,,,,,"Former FBI agent: 20 years may have passed since 9/11, but the threat hasn't",2021-09-11T17:12:39+00:00
210,210.0,210.0,210.0,210.0,210.0,210.0,3.0,,,,,,,,,,,,,,,,,,,,,,MNF By the Numbers for the Ravens,2021-09-11T17:12:39+00:00
211,211.0,211.0,211.0,211.0,211.0,211.0,4.0,,,,,,,,,,,,,,,,,,,,,,"9/11, America under attack; remembering those we've lost",2021-09-11T17:12:39+00:00
212,212.0,212.0,212.0,212.0,212.0,212.0,5.0,,,,,,,,,,,,,,,,,,,,,,"Harbaugh, ""The train is moving fast""... All Aboard New RB's",2021-09-11T17:12:39+00:00
213,213.0,213.0,213.0,213.0,213.0,213.0,6.0,,,,,,,,,,,,,,,,,,,,,,Shrine to replace church destroyed on 9/11 nears completion,2021-09-11T17:12:39+00:00
214,214.0,214.0,214.0,214.0,214.0,214.0,7.0,,,,,,,,,,,,,,,,,,,,,,"20 years after 9/11, lives have been changed, legacies launched and even more lives lost",2021-09-11T17:12:39+00:00
215,215.0,215.0,215.0,215.0,215.0,215.0,8.0,,,,,,,,,,,,,,,,,,,,,,Photos take a nation back 20 years in time to 9/11 terrorist attacks,2021-09-11T17:12:39+00:00
216,216.0,216.0,216.0,216.0,216.0,216.0,9.0,,,,,,,,,,,,,,,,,,,,,,Towson event honors first responders then and now,2021-09-11T17:12:39+00:00
217,217.0,217.0,217.0,217.0,217.0,0.0,,,,,,,,,,,,,,,,,,,,,,,Gov. Hogan gives remarks to honor 'Fallen Warriors' on 9/11 anniversary,2021-09-12T05:06:43+00:00
218,218.0,218.0,218.0,218.0,218.0,1.0,,,,,,,,,,,,,,,,,,,,,,,YOUR PHOTOS | Remembering 9-11,2021-09-12T05:06:43+00:00
219,219.0,219.0,219.0,219.0,219.0,2.0,,,,,,,,,,,,,,,,,,,,,,,FROM THE ARCHIVES | Baltimore stands ready to help on 9-11-2001,2021-09-12T05:06:43+00:00
220,220.0,220.0,220.0,220.0,220.0,3.0,,,,,,,,,,,,,,,,,,,,,,,Bush notes 'sudden splendor' of bravery on 9/11,2021-09-12T05:06:43+00:00
221,221.0,221.0,221.0,221.0,221.0,4.0,,,,,,,,,,,,,,,,,,,,,,,Ravens Injury Report with Monday's Game Status @ Vegas,2021-09-12T05:06:43+00:00
222,222.0,222.0,222.0,222.0,222.0,5.0,,,,,,,,,,,,,,,,,,,,,,,FROM THE ARCHIVES | Pentagon attack on 9-11-2001,2021-09-12T05:06:43+00:00
223,223.0,223.0,223.0,223.0,223.0,6.0,,,,,,,,,,,,,,,,,,,,,,,Tagovailoa throws three TDs as Maryland routs Howard 62-0,2021-09-12T05:06:43+00:00
224,224.0,224.0,224.0,224.0,224.0,7.0,,,,,,,,,,,,,,,,,,,,,,,Biden embraces message of unity on 9/11 anniversary,2021-09-12T05:06:43+00:00
225,225.0,225.0,225.0,225.0,225.0,8.0,,,,,,,,,,,,,,,,,,,,,,,Air Force tops Navy 23-3 on day of rememberance,2021-09-12T05:06:43+00:00
226,226.0,226.0,226.0,226.0,226.0,9.0,,,,,,,,,,,,,,,,,,,,,,,Twist of fate spared pilot from 9/11 Pentagon attack: 'I could hear it from the phone',2021-09-12T05:06:43+00:00
227,227.0,227.0,227.0,227.0,0.0,,,,,,,,,,,,,,,,,,,,,,,,2 men injured in separate overnight shootings in Baltimore,2021-09-12T17:11:09+00:00
228,228.0,228.0,228.0,228.0,1.0,,,,,,,,,,,,,,,,,,,,,,,,Forecasters: Tropical Storm Nicholas forms in Gulf of Mexico,2021-09-12T17:11:09+00:00
229,229.0,229.0,229.0,229.0,2.0,,,,,,,,,,,,,,,,,,,,,,,,"COVID-19 in Maryland| 1,150 new cases in 24 hours",2021-09-12T17:11:09+00:00
230,230.0,230.0,230.0,230.0,3.0,,,,,,,,,,,,,,,,,,,,,,,,"Motorcyclist, a 66-year-old man, killed in crash",2021-09-12T17:11:09+00:00
231,231.0,231.0,231.0,231.0,4.0,,,,,,,,,,,,,,,,,,,,,,,,"Hazy, hot, and humid week ahead in Baltimore",2021-09-12T17:11:09+00:00
232,232.0,232.0,232.0,232.0,5.0,,,,,,,,,,,,,,,,,,,,,,,,"Trump talks about Afghanistan, terrorism, abortion with Full Measure's Sharyl Attkissson",2021-09-12T17:11:09+00:00
233,233.0,233.0,233.0,233.0,6.0,,,,,,,,,,,,,,,,,,,,,,,,FBI releases declassified document on Saudi involvement in Sept. 11 attacks,2021-09-12T17:11:09+00:00
234,234.0,234.0,234.0,234.0,7.0,,,,,,,,,,,,,,,,,,,,,,,,Traveling Exhibit: America's 9/11 Living Classroom,2021-09-12T17:11:09+00:00
235,235.0,235.0,235.0,235.0,8.0,,,,,,,,,,,,,,,,,,,,,,,,Gov. Hogan gives remarks to honor 'Fallen Warriors' on 9/11 anniversary,2021-09-12T17:11:09+00:00
236,236.0,236.0,236.0,236.0,9.0,,,,,,,,,,,,,,,,,,,,,,,,YOUR PHOTOS | Remembering 9-11,2021-09-12T17:11:09+00:00
237,237.0,237.0,237.0,0.0,,,,,,,,,,,,,,,,,,,,,,,,,10 days later fallout from city schools report on Augusta Fells continues,2021-09-13T04:56:51+00:00
238,238.0,238.0,238.0,1.0,,,,,,,,,,,,,,,,,,,,,,,,,"Lawmakers will vote Tuesday on statewide mask mandate for students, teachers",2021-09-13T04:56:51+00:00
239,239.0,239.0,239.0,2.0,,,,,,,,,,,,,,,,,,,,,,,,,Three People injured in south Baltimore triple shooting on Sunday evening,2021-09-13T04:56:51+00:00
240,240.0,240.0,240.0,3.0,,,,,,,,,,,,,,,,,,,,,,,,,"Baltimore Ravens season begins Monday, football brings big bucks to Baltimore",2021-09-13T04:56:51+00:00
241,241.0,241.0,241.0,4.0,,,,,,,,,,,,,,,,,,,,,,,,,Man killed in east Baltimore Shooting on Sunday afternoon,2021-09-13T04:56:51+00:00
242,242.0,242.0,242.0,5.0,,,,,,,,,,,,,,,,,,,,,,,,,2 men injured in separate early Sunday morning shootings in Baltimore,2021-09-13T04:56:51+00:00
243,243.0,243.0,243.0,6.0,,,,,,,,,,,,,,,,,,,,,,,,,Forecasters: Tropical Storm Nicholas forms in Gulf of Mexico,2021-09-13T04:56:51+00:00
244,244.0,244.0,244.0,7.0,,,,,,,,,,,,,,,,,,,,,,,,,Three 2024 GOP prospects criticize Biden at political event,2021-09-13T04:56:51+00:00
245,245.0,245.0,245.0,8.0,,,,,,,,,,,,,,,,,,,,,,,,,"COVID-19 in Maryland| 1,150 new cases in 24 hours",2021-09-13T04:56:51+00:00
246,246.0,246.0,246.0,9.0,,,,,,,,,,,,,,,,,,,,,,,,,"Motorcyclist, a 66-year-old man, killed in crash",2021-09-13T04:56:51+00:00
247,247.0,247.0,0.0,,,,,,,,,,,,,,,,,,,,,,,,,,Police searching for teen 'shooting critters' near school after police vehicle damaged,2021-09-13T17:13:52+00:00
248,248.0,248.0,1.0,,,,,,,,,,,,,,,,,,,,,,,,,,YOUR PHOTOS | Purple Pride for Ravens Monday Night Football season opener,2021-09-13T17:13:52+00:00
249,249.0,249.0,2.0,,,,,,,,,,,,,,,,,,,,,,,,,,"TRIPLE SHOOTING | 1 man killed, 15-year-old injured in East Baltimore shooting",2021-09-13T17:13:52+00:00
250,250.0,250.0,3.0,,,,,,,,,,,,,,,,,,,,,,,,,,Blinken faces House lawmakers in first hearing on Afghanistan exit,2021-09-13T17:13:52+00:00
251,251.0,251.0,4.0,,,,,,,,,,,,,,,,,,,,,,,,,,Aunt and uncle charged with murder of 15-year-old nephew in East Baltimore,2021-09-13T17:13:52+00:00
252,252.0,252.0,5.0,,,,,,,,,,,,,,,,,,,,,,,,,,"COVID-19 in Maryland| 1,103 new cases; 13 deaths in 24 hours",2021-09-13T17:13:52+00:00
253,253.0,253.0,6.0,,,,,,,,,,,,,,,,,,,,,,,,,,10 days later fallout from city schools report on Augusta Fells continues,2021-09-13T17:13:52+00:00
254,254.0,254.0,7.0,,,,,,,,,,,,,,,,,,,,,,,,,,Heat Wave in September in Baltimore,2021-09-13T17:13:52+00:00
255,255.0,255.0,8.0,,,,,,,,,,,,,,,,,,,,,,,,,,"Nicholas Brings Flooding Rain To Texas, Reaches Maryland Late Week",2021-09-13T17:13:52+00:00
256,256.0,256.0,9.0,,,,,,,,,,,,,,,,,,,,,,,,,,"Lawmakers will vote Tuesday on statewide mask mandate for students, teachers",2021-09-13T17:13:52+00:00
257,257.0,0.0,,,,,,,,,,,,,,,,,,,,,,,,,,,Taxpayers pay $92 million to educate missing Maryland students in 2019,2021-09-14T04:36:29+00:00
258,258.0,1.0,,,,,,,,,,,,,,,,,,,,,,,,,,,Raiders thump Ravens in overtime,2021-09-14T04:36:29+00:00
259,259.0,2.0,,,,,,,,,,,,,,,,,,,,,,,,,,,The Ravens have a lot of work to do,2021-09-14T04:36:29+00:00
260,260.0,3.0,,,,,,,,,,,,,,,,,,,,,,,,,,,Focus on preventing child abuse after family members charged in 15-year-old's death,2021-09-14T04:36:29+00:00
261,261.0,4.0,,,,,,,,,,,,,,,,,,,,,,,,,,,Baltimore sees growing number of teen gunshot victims,2021-09-14T04:36:29+00:00
262,262.0,5.0,,,,,,,,,,,,,,,,,,,,,,,,,,,"Council President Mosby wants stimulus spending oversight, Mayor Scott says it's happening",2021-09-14T04:36:29+00:00
263,263.0,6.0,,,,,,,,,,,,,,,,,,,,,,,,,,,"Community activist, state lawmakers tour a Baltimore school amid grade changing fallout",2021-09-14T04:36:29+00:00
264,264.0,7.0,,,,,,,,,,,,,,,,,,,,,,,,,,,Mayor Scott: A/C problem in City Schools has been an issue 'longer than I've been alive',2021-09-14T04:36:29+00:00
265,265.0,8.0,,,,,,,,,,,,,,,,,,,,,,,,,,,20+ city schools without A/C will dismiss early on Tuesday,2021-09-14T04:36:29+00:00
266,266.0,9.0,,,,,,,,,,,,,,,,,,,,,,,,,,,"Ravens RB's for tonight @ Vegas: Williams, Murray and Cannon",2021-09-14T04:36:29+00:00
267,0.0,,,,,,,,,,,,,,,,,,,,,,,,,,,,No charges filed after shattered window sent cops scrambling in Anne Arundel County,2021-09-14T17:13:43+00:00
268,1.0,,,,,,,,,,,,,,,,,,,,,,,,,,,,"Homecoming dances, indoor pep rallies canceled at Baltimore County High Schools",2021-09-14T17:13:43+00:00
269,2.0,,,,,,,,,,,,,,,,,,,,,,,,,,,,55-year-old man arrested for carjacking 86-year-old woman in Timonium,2021-09-14T17:13:43+00:00
270,3.0,,,,,,,,,,,,,,,,,,,,,,,,,,,,Maryland Zoo in Baltimore to vaccinate animals against COVID-19,2021-09-14T17:13:43+00:00
271,4.0,,,,,,,,,,,,,,,,,,,,,,,,,,,,General Assembly debates school mask mandate this morning,2021-09-14T17:13:43+00:00
272,5.0,,,,,,,,,,,,,,,,,,,,,,,,,,,,Beltway Backup | Crash blocking lanes on Beltway outer loop near Charles Street,2021-09-14T17:13:43+00:00
273,6.0,,,,,,,,,,,,,,,,,,,,,,,,,,,,Blinken faces new round of hard Afghan questions in Congress,2021-09-14T17:13:43+00:00
274,7.0,,,,,,,,,,,,,,,,,,,,,,,,,,,,Taxpayers pay $92 million to educate missing Maryland students in 2019,2021-09-14T17:13:43+00:00
275,8.0,,,,,,,,,,,,,,,,,,,,,,,,,,,,"COVID-19 in Maryland| 1,094 new cases; 15 deaths in 24 hours",2021-09-14T17:13:43+00:00
276,9.0,,,,,,,,,,,,,,,,,,,,,,,,,,,,Raiders thump Ravens in overtime,2021-09-14T17:13:43+00:00
0,,,,,,,,,,,,,,,,,,,,,,,,,,,,,"Three Tropical Trouble Spots, One Nears Maryland",2021-09-16T17:13:29+00:00
1,,,,,,,,,,,,,,,,,,,,,,,,,,,,,Temperatures Trending Cooler in Baltimore,2021-09-16T17:13:29+00:00
2,,,,,,,,,,,,,,,,,,,,,,,,,,,,,"COVID-19 in Maryland | More than 10,000 since the pandemic began",2021-09-16T17:13:29+00:00
3,,,,,,,,,,,,,,,,,,,,,,,,,,,,,"Bombshell allegations at another City school -Dead students enrolled, Classes didn't exist",2021-09-16T17:13:29+00:00
4,,,,,,,,,,,,,,,,,,,,,,,,,,,,,"POLICE: 19-year-old shot in Northeast Baltimore, search for suspect continues",2021-09-16T17:13:29+00:00
5,,,,,,,,,,,,,,,,,,,,,,,,,,,,,Mosby refuses to answer FOX45's questions about violent crime,2021-09-16T17:13:29+00:00
6,,,,,,,,,,,,,,,,,,,,,,,,,,,,,"Multiple Atlantic disturbances, including one that could impact Maryland",2021-09-16T17:13:29+00:00
7,,,,,,,,,,,,,,,,,,,,,,,,,,,,,"No motive, No suspects, as four more teens are shot",2021-09-16T17:13:29+00:00
8,,,,,,,,,,,,,,,,,,,,,,,,,,,,,Baltimore city council approves group to focus on hiring females in public safety jobs,2021-09-16T17:13:29+00:00
9,,,,,,,,,,,,,,,,,,,,,,,,,,,,,"Will incentives, like cash, help bring in more police recruits in Baltimore?",2021-09-16T17:13:29+00:00
